split,0
bolivia,0.15091422285121836
test,0.12584127690050112
train,0.09546076408412027
valid,0.1102554974260553
